-- Dane do tabeli KLUB 
INSERT INTO KLUB (skrot_nazwy, pelna_nazwa, wzor_wiosel) 
  VALUES 
  ('BTW', 'Bydgoskie Towarzystwo Wioślarskie', 'Niebieskie pióro z odwróconym szewronem z dwóch pasków: białego i czerwonego.'),
  ('RBW', 'Sekcja Wioślarska Klubu Sportowego "Posnania" w Poznaniu', 'Złoto-żółte pióro z 3 pionowymi pasami: białym-czerwonym-białym.'),
  ('AZSS', 'Akademicki Związek Sportowy Organizacja Środowiskowa w Szczecinie', 'Czerwone pióro z białym paskiem w osi trzonu wiosła.'), 
  ('AWFISG', ' Akademicki Związek Sportowy przy Akademii Wychowania Fizycznego i Sportu', 'Białe pióro z ciemnoniebieskim paskiem w osi trzonu wiosła.'), 
  ('PTW', 'Płockie Towarzystwo Wioślarskie', 'Biały pas na górze, czerwony na dole, trójkątny ciemnoniebieski klin z prawej.'),
  ('WTW', 'Warszawskie Towarzystwo Wioślarskie', 'Białe pióro z dwoma pionowymi ciemnoniebieskimi pasami.'), 
  ('TWDW', 'Towarzystwo Wisła dla Wioślarzy', 'Pomarańczowe pióro z białym szewronem i niebieskim trójkątem na końcówce'), 
  ('PTWTP', 'Poznanskie Towarzystwo Wioslarskie Tryton Poznan', 'Ciemnoniebieskie pióro z białym pionowym pasem.'), 
  ('WI', 'Wir Ilawa', 'Białe pióro z dwoma pionowymi pasami: zielonym i czerwonym.'), 
  ('RTW', 'Regionalne Towarzystwo Wioślarskie Bydgostia Bydgoszcz', 'Białe pióro z trzema ukośnymi pasami: dwoma cienkimi czerwonymi, a w środku grubym ciemnoniebieskim.');


-- Dane do tabeli ZAWODNIK
INSERT INTO ZAWODNIK (pesel, imie, nazwisko, data_urodzenia, plec, trenuje_w)
VALUES
('98010112345', 'Jan', 'Kowalski', '1998-01-01', 'M', 'BTW'),
('97050598765', 'Anna', 'Nowak', '1997-05-05', 'K', 'RBW'),
('88030854321', 'Marek', 'Zieliński', '1988-03-08', 'M', 'AZSS'),
('99090945678', 'Katarzyna', 'Wiśniewska', '1999-09-09', 'K', 'AWFISG'),
('03070512345', 'Piotr', 'Lewandowski', '2003-07-05', 'M', 'PTW'),
('95061234567', 'Maria', 'Szymańska', '1995-06-12', 'K', 'WTW'),
('04040123456', 'Tomasz', 'Jankowski', '2004-04-01', 'M', 'TWDW'),
('87080865432', 'Agnieszka', 'Dąbrowska', '1987-08-08', 'K', 'PTWTP'),
('01010111111', 'Paweł', 'Kozłowski', '2001-01-01', 'M', 'WI'),
('96060622222', 'Ewa', 'Krawczyk', '1996-06-06', 'K', 'RTW'),
('05121233333', 'Michał', 'Kwiatkowski', '2005-12-12', 'M', 'BTW'),
('93031544444', 'Joanna', 'Baran', '1993-03-15', 'K', 'RBW'),
('91020255555', 'Adam', 'Czarnecki', '1991-02-02', 'M', 'AZSS'),
('99071366666', 'Małgorzata', 'Król', '1999-07-13', 'K', 'AWFISG'),
('88051177777', 'Wojciech', 'Głowacki', '1988-05-11', 'M', 'PTW'),
('92041488888', 'Karolina', 'Sikorska', '1992-04-14', 'K', 'WTW'),
('01112099999', 'Grzegorz', 'Nowicki', '2001-11-20', 'M', 'TWDW'),
('00050100001', 'Alicja', 'Pawlak', '2000-05-01', 'K', 'PTWTP'),
('87010400002', 'Robert', 'Sawicki', '1987-01-04', 'M', 'WI'),
('04232205768', 'Olga', 'Rodziewicz', '2004-03-22', 'K', 'BTW'),
('94060600003', 'Olga', 'Maj', '1994-06-06', 'K', 'RTW'),
('88030854323', 'Marek', 'Ziumpowski', '2007-03-08', 'M', 'AZSS'),
('04040163456', 'Tyler', 'Janowy', '2008-04-01', 'M', 'TWDW'),
('08070512345', 'Pawel', 'Lewaandowski', '2008-07-05', 'M', 'PTW'),
('87014400002', 'Robert', 'Lisewski', '2007-03-04', 'M', 'WI'),
('08076512345', 'Mikolaj', 'Rzesa', '2008-09-05', 'M', 'WTW'),
('87014400402', 'Bartek', 'Soponski', '2007-05-14', 'M', 'WI'),
('04234205768', 'Ola', 'Pawlowska', '2008-03-12', 'K', 'BTW'),
('95161234567', 'Marika', 'Szymońska', '2007-06-12', 'K', 'WTW'),
('87090865432', 'Agata', 'Kowalewska', '2008-08-08', 'K', 'PTWTP'),
('99190945678', 'Katarzyna', 'Krawisz', '2007-09-09', 'K', 'AWFISG'),
('87090865332', 'Julia', 'Kowalewska', '2008-08-18', 'K', 'RTW'),
('99190945978', 'Maja', 'Kałuzna', '2007-12-09', 'K', 'BTW');

-- Dane do tabeli TRENER
INSERT INTO TRENER (nr_licencji_trenera, imie, nazwisko, pracuje_w, data_waznosci_licencji)
VALUES
(101, 'Paulina', 'Straszewska', 'BTW', '2025-12-31'),
(102, 'Rafał', 'Malinowski', 'RBW', '2026-03-15'),
(103, 'Janusz', 'Kamiński', 'AZSS', '2024-07-01'),
(104, 'Marta', 'Olszewska', 'AWFISG', '2025-09-30'),
(105, 'Kamil', 'Wiśniewski', 'PTW', '2023-12-31'),
(106, 'Agnieszka', 'Sokołowska', 'WTW', '2026-01-15'),
(107, 'Tomasz', 'Lis', 'TWDW', '2024-06-30'),
(108, 'Ewa', 'Białek', 'PTWTP', '2026-05-01'),
(109, 'Andrzej', 'Marciniak', 'WI', '2025-10-10'),
(110, 'Karol', 'Żak', 'RTW', '2024-12-01'),
(111, 'Piotr', 'Buliński', 'AWFISG', '2025-01-01'),
(112, 'Ewa', 'Wiśniewska', 'AZSS', '2026-01-01'),
(113, 'Andrzej', 'Górski','RBW', '2023-08-31'),
(114, 'Joanna', 'Bąk', 'RBW','2025-11-15'),
(115, 'Paweł', 'Sobczak', 'RBW', '2024-09-10'),
(116, 'Monika', 'Pawlak', 'AZSS', '2023-12-31'),
(117, 'Grzegorz', 'Malinowski', 'PTW', '2025-03-25'),
(118, 'Agnieszka', 'Król', 'PTW', '2026-06-15'),
(119, 'Wojciech', 'Czarnecki', 'WTW', '2024-04-01'),
(120, 'Maria', 'Chmielewska', 'AZSS', '2025-08-15'),
(121, 'Tomasz', 'Ormiński', 'BTW', '2025-12-31'),
(122, 'Zbigniew', 'Nowak', 'WTW', '2025-12-31');

-- Dane do tabeli OSADA
INSERT INTO OSADA (id_osady, nadzoruje, lodz)
VALUES
(1, 101, 'Czwórka podwójna mezczyzn'),
(2, 102, 'Ósemka kobiet'),
(3, 103, 'Dwójka mezczyzn'),
(4, 104, 'Jedynka mezczyczn'),
(5, 105, 'Dwójka mezczyzn'),
(6, 106, 'Czwórka ze sternikiem kobiet'),
(7, 107, 'jedynka meska'),
(8, 108, 'Czwórka mezczyzn'),
(9, 109, 'Dwójka kobiet'),
(10, 120, 'Jedynka kobiet'),
(11, 121, 'Jedynka kobiet'),
(12, 122, 'Jedynka kobiet'),
(13, 109, 'Dwójka kobiet'),
(14, 102, 'Jedynka juniorek'),
(15, 103, 'Jedynka juniorek'),
(16, 101, 'Jedynka juniorek'),
(17, 112, 'Jedynka juniorek'),
(18, 102, 'Jedynka juniorow'),
(19, 101, 'Jedynka juniorow'),
(20, 116, 'Jedynka juniorow'),
(21, 117, 'Jedynka juniorow'),
(22, 110, 'Dwójka juniorow'),
(23, 111, 'Dwójka juniorow'),
(24, 112, 'Dwójka juniorow'),
(25, 113, 'Dwójka juniorek'),
(26, 117, 'Dwójka juniorek');

-- Dane do tabeli CZŁONEK_OSADY
INSERT INTO CZLONEK_OSADY (przynalezy, nalezy_do, czy_sternik)
VALUES
('98010112345', 1, 0),
('01010111111', 1, 0),
('88030854321', 1, 0),
('04040123456', 1, 0),
('99090945678', 2, 0),
('97050598765', 2, 1),
('95061234567', 2, 0),
('87080865432', 2, 0),--jej przyszle biegi
('93031544444', 2, 0),
('96060622222', 2, 0),
('99071366666', 2, 0),
('92041488888', 2, 0),
('00050100001', 2, 0),
('01010111111', 3, 0),
('05121233333', 3, 0),
('91020255555', 4, 0),
('88051177777', 5, 0),--jego wyniki
('01112099999', 5, 0),
('04232205768', 6, 0),
('97050598765', 6, 0),
('87080865432', 6, 0),
('00050100001', 6, 0),
('99090945678', 6, 1),
('88051177777', 7, 0),
('01112099999', 8, 0),
('05121233333', 8, 0),
('91020255555', 8, 0),
('88051177777', 8, 0),
('00050100001', 9, 0),
('94060600003', 9, 0),
('99090945678', 10, 0),
('95061234567', 11, 0),
('87080865432', 12, 0),
('96060622222', 13, 0),
('93031544444', 13, 0),
('04234205768', 14, 0),
('95161234567', 15, 0),
('99190945978', 16, 0),
('87090865332', 17, 0),
('88030854323', 18, 0),
('08070512345', 19, 0),
('87014400002', 20, 0),
('08076512345', 21, 0),
('88030854323', 22, 0),
('08070512345', 22, 0),
('87014400002', 23, 0),
('08076512345', 23, 0),
('87014400402', 24, 0),
('04040163456', 24, 0),
('99190945678', 25, 0),
('87090865332', 25, 0),
('87090865432', 26, 0),
('99190945978', 26, 0);


-- Dane do tabeli SĘDZIA
INSERT INTO SEDZIA (nr_licencji_sedziego, imie, nazwisko, data_waznosci_licencji)
VALUES
(201, 'Jerzy', 'Adamski', '2025-12-31'),
(202, 'Grażyna', 'Brzozowska', '2024-06-15'),
(203, 'Marek', 'Kwiatkowski', '2023-11-30'),
(204, 'Anna', 'Nowicka', '2026-04-10'),
(205, 'Zbigniew', 'Lewandowski', '2025-09-01'),
(206, 'Barbara', 'Jabłońska', '2024-12-20'),
(207, 'Krzysztof', 'Piotrowski', '2023-10-15'),
(208, 'Elżbieta', 'Zielińska', '2025-07-01'),
(209, 'Tomasz', 'Wojciechowski', '2026-02-28'),
(210, 'Katarzyna', 'Majewska', '2024-05-15'),
(211, 'Piotr', 'Kowal', '2025-06-30'),
(212, 'Ewa', 'Wiśniewska', '2026-01-01'),
(213, 'Andrzej', 'Górski', '2023-08-31'),
(214, 'Joanna', 'Bąk', '2025-11-15'),
(215, 'Paweł', 'Sobczak', '2024-09-10'),
(216, 'Monika', 'Pawlak', '2023-12-31'),
(217, 'Grzegorz', 'Malinowski', '2025-03-25'),
(218, 'Agnieszka', 'Król', '2026-06-15'),
(219, 'Wojciech', 'Czarnecki', '2024-04-01'),
(220, 'Maria', 'Chmielewska', '2025-08-15'),
(221, 'Jakub', 'Zalewski', '2026-03-10'),
(222, 'Aleksandra', 'Szymańska', '2024-11-05'),
(223, 'Jan', 'Nowakowski', '2023-07-20'),
(224, 'Karolina', 'Krawczyk', '2025-10-31'),
(225, 'Rafał', 'Kaczmarek', '2024-08-30'),
(226, 'Magdalena', 'Mazurek', '2026-05-01'),
(227, 'Adrian', 'Domański', '2025-12-15'),
(228, 'Łukasz', 'Kołodziejczyk', '2024-06-30'),
(229, 'Daria', 'Kamińska', '2025-07-15'),
(230, 'Damian', 'Laskowski', '2026-02-20');

-- Dane do tabeli KATEGORIE
INSERT INTO KATEGORIE (symbol, nazwa, ilosc_osob, plec, maks_wiek, wymaga_sternika)
VALUES
-- Konkurencje mężczyzn
('M1x', 'Jedynka mężczyzn', 1, 'M', NULL, 0),
('M2x', 'Dwójka podwójna mężczyzn', 2, 'M', NULL, 0),
('M4x', 'Czwórka podwójna mężczyzn', 4, 'M', NULL, 0),
('M2', 'Dwójka bez sternika mężczyzn', 2, 'M', NULL, 0),
('M4', 'Czwórka mężczyzn', 4, 'M', NULL, 0),
('M8', 'Ósemka mężczyzn', 8, 'M', NULL, 1),
('LM2x', 'Dwójka podwójna wagi lekkiej mężczyzn', 2, 'M', NULL, 0),
('JM1x', 'Jedynka mężczyzn kategorii juniorów', 1, 'M', 18, 0),
('JM2x', 'Dwójka podwójna mężczyzn kategorii juniorów', 2, 'M', 18, 0),

-- Konkurencje kobiet
('W1x', 'Jedynka kobiet', 1, 'K', NULL, 0),
('W2x', 'Dwójka podwójna kobiet', 2, 'K', NULL, 0),
('W4x', 'Czwórka podwójna kobiet', 4, 'K', NULL, 0),
('W2', 'Dwójka bez sterniczki kobiet', 2, 'K', NULL, 0),
('W4', 'Czwórka bez sterniczki kobiet', 4, 'K', NULL, 0),
('W8', 'Ósemka kobiet', 8, 'K', NULL, 1),
('LW2x', 'Dwójka podwójna wagi lekkiej kobiet', 2, 'K', NULL, 0),
('JW1x', 'Jedynka kobiet kategorii juniorów', 1, 'K', 18, 0),
('JW2x', 'Dwójka podwójna kobiet kategorii juniorów', 2, 'K', 18, 0),
('JW4x', 'Czwórka podwójna kobiet kategorii juniorów', 4, 'K', 18, 0);


-- Dane do tabeli WYŚCIG
INSERT INTO WYSCIG (nr_wyscigu, data, sedziuje, godzina, przypisany_do, opis)
VALUES
(1, '2024-06-01', 201, '10:00:00', 'M1x', 'Eliminacje Mężczyzn Jedynki'),
(2, '2024-06-01', 202, '10:30:00', 'M2x', 'Eliminacje Mężczyzn Dwójki Podwójne'),
(3, '2024-06-01', 203, '11:00:00', 'W1x', 'Eliminacje Kobiet Jedynki'),
(4, '2024-06-01', 204, '11:30:00', 'W2x', 'Eliminacje Kobiet Dwójki Podwójne'),
(5, '2024-06-01', 205, '12:00:00', 'M4x', 'Eliminacje Mężczyzn Czwórki Podwójne'),
(6, '2024-06-01', 206, '12:30:00', 'W4x', 'Eliminacje Kobiet Czwórki Podwójne'),
(7, '2024-06-01', 207, '13:00:00', 'M2', 'Eliminacje Mężczyzn Dwójki Bez Sternika'),
(8, '2024-06-01', 208, '13:30:00', 'W2', 'Eliminacje Kobiet Dwójki Bez Sterniczki'),
(21, '2024-06-01', 211, '13:50:00', 'JW1x', 'Eliminacje Jedynki Juniorek'),
(22, '2024-06-01', 203, '14:00:00', 'JM1x', 'Eliminacje Jedynki Juniorów'),
(23, '2024-06-01', 219, '15:30:00', 'JW2x', 'Eliminacje Dwójki Juniorek'),
(24, '2024-06-01', 213, '15:50:00', 'JM2x', 'Eliminacje Dwójki Juniorów'),
(9, '2024-06-02', 209, '10:00:00', 'M1x', 'Finał Mężczyzn Jedynki'),
(10, '2024-06-02', 210, '10:30:00', 'M2x', 'Finał Mężczyzn Dwójki Podwójne'),
(11, '2024-06-02', 211, '11:00:00', 'W1x', 'Finał Kobiet Jedynki'),
(12, '2024-06-02', 212, '11:30:00', 'W2x', 'Finał Kobiet Dwójki Podwójne'),
(13, '2024-06-02', 213, '12:00:00', 'M4x', 'Finał Mężczyzn Czwórki Podwójne'),
(14, '2024-06-02', 214, '12:30:00', 'W4x', 'Finał Kobiet Czwórki Podwójne'),
(15, '2024-06-02', 215, '13:00:00', 'M2', 'Finał Mężczyzn Dwójki Bez Sternika'),
(16, '2024-06-02', 216, '13:30:00', 'W2', 'Finał Kobiet Dwójki Bez Sterniczki'),
(17, '2024-06-01', 217, '14:00:00', 'M4', 'Eliminacje Mężczyzn Czwórki Bez Sternika'),
(18, '2024-06-01', 218, '14:30:00', 'W4', 'Eliminacje Kobiet Czwórki Bez Sterniczki'),
(19, '2024-06-02', 219, '14:00:00', 'M4', 'Finał Mężczyzn Czwórki Bez Sternika'),
(20, '2024-06-02', 220, '14:30:00', 'W4', 'Finał Kobiet Czwórki Bez Sterniczki'),
(25, '2024-06-02', 211, '14:50:00', 'JW1x', 'Finał Jedynki Juniorek'),
(26, '2024-06-02', 204, '15:00:00', 'JM1x', 'Finał Jedynki Juniorów'),
(27, '2024-06-02', 209, '16:30:00', 'JW2x', 'Finał Dwójki Juniorek'),
(28, '2024-06-02', 218, '16:50:00', 'JM2x', 'Finał Dwójki Juniorów'),
(29, '2024-09-02', 216, '16:30:00', 'JW2x', 'Koleżeński Bieg Dwójki Juniorek'),
(30, '2025-04-02', 215, '10:30:00', 'W8', 'Koleżeński Bieg Ósemki Kobiet'),
(31, '2025-04-16', 211, '12:50:00', 'W4', 'Mistrzostwa Europy: czwórka Kobiet'),
(32, '2025-05-02', 205, '13:45:00', 'W1x', 'Koleżeński Bieg Jedynki Kobiet')
;



INSERT INTO ZGLOSZENIE_DO_WYSCIGU (zglasza_sie, zglasza_sie_do, status_platnosci, czy_dopuszczono_do_startu)
VALUES
(4, 1, 'opłacone', 1),
(7, 1, 'opłacone', 1),
(3, 2, 'opłacone', 1),
(5, 2, 'opłacone', 1),
(10, 3, 'opłacone', 1),
(11, 3, 'opłacone', 1),
(12, 3, 'nieopłacone', 0),
(9, 4, 'opłacone', 1),
(13, 4, 'opłacone', 1),
(1, 5, 'opłacone', 1),
(8, 5, 'Nieopłacone', 0),
(9, 8, 'opłacone', 1),
(13, 8, 'opłacone', 1),
(4, 9, 'opłacone', 1),
(7, 9, 'opłacone', 1),
(3, 10, 'opłacone', 1),
(5, 10, 'opłacone', 1),
(10, 11, 'opłacone', 1),
(11, 11, 'opłacone', 1),
(9, 12, 'opłacone', 1),
(13, 12, 'opłacone', 1),
(1, 13, 'opłacone', 1),
(8, 13, 'opłacone', 1),
(14, 21, 'opłacone', 1),
(15, 21, 'opłacone', 1),
(16, 21, 'opłacone', 1),
(17, 21, 'opłacone', 1),
(14, 25, 'opłacone', 1),
(15, 25, 'opłacone', 1),
(16, 25, 'opłacone', 1),
(17, 25, 'opłacone', 1),
(18, 22, 'opłacone', 1),
(19, 22, 'opłacone', 1),
(20, 22, 'opłacone', 1),
(21, 22, 'opłacone', 1),
(18, 26, 'opłacone', 1),
(19, 26, 'opłacone', 1),
(20, 26, 'opłacone', 1),
(21, 26, 'opłacone', 1),
(25, 23, 'opłacone', 1),
(26, 23, 'opłacone', 1),
(25, 27, 'opłacone', 1),
(26, 27, 'opłacone', 1),
(25, 29, 'opłacone', 1),
(26, 29, 'opłacone', 1),
(22, 24, 'opłacone', 1),
(23, 24, 'opłacone', 1),
(24, 24, 'opłacone', 1),
(22, 28, 'opłacone', 1),
(23, 28, 'opłacone', 1),
(24, 28, 'opłacone', 1),
(2, 30, 'opłacone', 1),
(6, 31, 'opłacone', 1),
(12, 32, 'opłacone', 1);


-- Rozszerzone dane do tabeli WYNIKI
INSERT INTO WYNIKI (uzyskane_w, uzyskane_przez, miejsce, czas)
VALUES
(1, 4, 1, '00:07:12.45'),
(1, 7, 2, '00:07:18.20'),
(2, 3, 1, '00:06:45.32'),
(2, 5, 2, '00:06:48.90'),
(3, 10, 1, '00:07:50.30'),
(3, 11, 2, '00:07:54.10'),
(4, 9, 1, '00:07:45.32'),
(4, 13, 2, '00:07:49.87'),
(5, 1, 1, '00:06:20.50'),
(5, 8, 2, '00:06:24.75'),
(6, 6, 1, '00:06:55.32'),
(8, 9, 1, '00:07:30.55'),
(8, 13, 2, '00:07:35.12'),
(9, 4, 1, '00:07:10.20'),
(9, 7, 2, '00:07:15.60'),
(10, 3, 1, '00:06:42.50'),
(10, 5, 2, '00:06:45.30'),
(11, 10, 1, '00:07:48.90'),
(11, 11, 2, '00:07:52.25'),
(12, 9, 1, '00:07:40.28'),
(12, 13, 2, '00:07:43.91'),
(13, 1, 1, '00:06:18.45'),
(13, 8, 2, '00:06:22.30'),
(14, 6, 1, '00:06:50.12'),
(21, 14, 1, '00:08:12.45'),
(21, 15, 4, '00:09:22.45'),
(21, 16, 3, '00:08:52.45'),
(21, 17, 2, '00:08:19.45'),
(25, 14, 1, '00:08:02.45'),
(25, 15, 3, '00:08:15.45'),
(25, 16, 4, '00:08:20.45'),
(25, 17, 2, '00:08:03.05'),
(22, 18, 2, '00:07:42.45'),
(22, 19, 1, '00:07:32.45'),
(22, 20, 3, '00:07:41.45'),
(22, 21, 4, '00:07:52.45'),
(26, 18, 1, '00:07:22.45'),
(26, 19, 2, '00:07:30.45'),
(26, 20, 3, '00:07:41.45'),
(26, 21, 4, '00:07:52.45'),
(23, 25, 1, '00:07:20.50'),
(23, 26, 2, '00:07:24.75'),
(27, 25, 1, '00:07:10.50'),
(27, 26, 2, '00:07:14.75'),
(29, 25, 1, '00:07:10.50'),
(29, 26, 2, '00:07:14.75'),
(24, 22, 1, '00:06:50.10'),
(24, 23, 2, '00:06:54.10'),
(24, 24, 3, '00:06:55.10'),
(28, 22, 2, '00:06:52.10'),
(28, 23, 1, '00:06:52.00'),
(28, 24, 3, '00:06:53.10');
